shipment_id,impact_score,reasons,explanation,recommended_action,customer_message
SHP-10117,165.4,ETA slipped 45.8 hours from plan; Carrier status: Exception; Severe weather on route: Ice Storm (severity 8.7),This high-value shipment to a Platinum customer has been stuck without movement for over 10 hours and is now nearly 2 days behind schedule due to an ice storm causing carrier exceptions along the West Coast route.,"Immediately contact SwiftHaul dispatch to get current truck location and driver status, then arrange alternative routing or carrier if the vehicle is immobilized for more than 2 additional hours.","We want to inform you that your shipment is currently delayed due to severe ice storm conditions affecting the Pacific Northwest. Our team is actively working with the carrier to expedite delivery, and we'll provide you with an updated ETA within the next 2 hours."
SHP-10134,165.2,No GPS ping in 14.9 hours; ETA slipped 38.2 hours from plan; Carrier status: Exception,"This high-value shipment has lost GPS tracking for nearly 15 hours and is running 38 hours behind schedule with an exception status, suggesting the truck may have broken down or experienced a serious delay that hasn't been communicated.","Immediately contact RapidLine dispatch to locate the driver and truck, get a status update on the exception, and arrange alternative transportation if the vehicle is disabled or significantly delayed.","We wanted to proactively reach out regarding your shipment SHP-10134. We're currently working with our carrier to resolve an unexpected delay on the Dallas to Denver route. Our team is actively coordinating to get your shipment back on track, and we'll provide you with an updated delivery timeline within the next 2 hours."
SHP-10028,164.3,No GPS ping in 19.8 hours; ETA slipped 21.3 hours from plan; Carrier status: Exception; Severe weather on route: High Wind (severity 8.2),"This high-value shipment has been stuck without GPS updates for nearly 20 hours and is running over 21 hours late, likely due to severe wind conditions on the route and a carrier exception that hasn't been resolved.","Immediately contact TransGlobal dispatch to get current physical location of the truck, driver status, and realistic revised ETA—escalate to their operations manager if standard contact doesn't respond within 30 minutes.","We're proactively reaching out about your shipment SHP-10028. Due to severe weather conditions along the route, your delivery is experiencing delays and we're currently working with our carrier to confirm the updated timeline. We'll provide you with a revised ETA within the next 2 hours and will keep you informed of any developments."
SHP-10061,151.5,No GPS ping in 14.0 hours; ETA slipped 28.1 hours from plan; Carrier status: Exception,"This high-value Platinum customer shipment has lost GPS tracking for 14 hours and is running over a day late, with the carrier reporting an exception status that suggests an operational problem like a breakdown or routing issue.","Immediately contact CargoNet dispatch to determine the exception cause and exact truck location, then arrange alternative transportation if the delay will exceed 36 hours total.","We're proactively reaching out regarding your Seattle delivery (SHP-10061). Our carrier has reported an operational delay, and we're working directly with them right now to get your shipment back on track. We'll provide you with an updated delivery timeframe within the next 2 hours."
SHP-10037,149.3,ETA slipped 18.7 hours from plan; Carrier status: Delayed; Severe weather on route: Ice Storm (severity 7.0),"This high-value shipment is stuck in an ice storm that has delayed delivery by nearly 19 hours, and the carrier has marked it as delayed, putting a Platinum customer's $24k order at significant risk.","Immediately contact SwiftHaul dispatch to confirm driver safety and get updated ETA, then escalate to account manager to prepare recovery options (expedited re-routing or partial air shipment if feasible once weather clears).",We want to inform you that your shipment SHP-10037 is experiencing weather-related delays due to an ice storm affecting the route to Columbus. Our team is actively working with the carrier to monitor conditions and will provide you with an updated delivery estimate within the next 2 hours.
SHP-10110,141.2,No GPS ping in 21.0 hours; ETA slipped 22.8 hours from plan; Carrier status: Exception; Severe weather on route: Ice Storm (severity 7.1),"This shipment has been stationary without GPS updates for 21 hours and is running nearly a full day behind schedule, likely due to an ice storm affecting the route between Atlanta and Columbus.","Immediately contact SwiftHaul dispatch to confirm driver safety and truck location, then evaluate whether to reroute through an unaffected corridor or arrange alternative carrier pickup if the vehicle is immobilized.","We want to keep you informed about your shipment SHP-10110. Due to severe ice storm conditions affecting the Atlanta to Columbus route, your delivery is experiencing delays and we're currently working with our carrier to confirm the shipment's status and expected arrival time. We'll provide you with an updated ETA within the next 2 hours."
SHP-10084,139.3,No GPS ping in 23.8 hours; ETA slipped 30.0 hours from plan; Carrier status: Exception,"This shipment has been sitting without any GPS updates for nearly 24 hours and is now over a full day behind schedule, with the carrier reporting an exception status that likely indicates a breakdown, routing error, or facility delay.","Immediately contact TransGlobal dispatch to locate the trailer, confirm the nature of the exception, and determine if the shipment needs to be transferred to a recovery carrier to minimize further delays.","We're reaching out proactively regarding your order valued at $23,527.76 currently in transit to Columbus, OH. Our carrier has experienced a delay, and we're actively working with them to get your shipment back on track. We'll provide you with an updated delivery estimate within the next 2 hours."
SHP-10039,138.2,ETA slipped 12.4 hours from plan; Carrier status: Delayed; Severe weather on route: Ice Storm (severity 8.6),"This high-value Platinum customer shipment is stuck due to an ice storm on the Dallas-Phoenix route, with delivery now running over 12 hours late and the truck hasn't moved in 2 hours.","Immediately contact SwiftHaul dispatch to confirm driver safety and get updated ETA, then identify alternative routing or backup carrier options if the delay will exceed 18 hours total.","We're closely monitoring your shipment due to severe winter weather affecting the Dallas-Phoenix corridor. Our carrier has confirmed your goods are secure, and we're actively working to minimize delay impact. We'll provide you with an updated delivery timeframe within the next 2 hours."
SHP-10093,132.2,ETA slipped 31.2 hours from plan; Carrier status: Exception; Severe weather on route: Ice Storm (severity 7.2),"This shipment is stuck due to an ice storm that has caused a carrier exception, with no GPS updates for nearly 11 hours and delivery now delayed by over 31 hours.","Immediately contact SwiftHaul dispatch to confirm truck location, driver safety, and get a realistic revised ETA, then evaluate if emergency rerouting or alternative carrier pickup is feasible.",We're closely monitoring your shipment (SHP-10093) which has been delayed due to severe ice storm conditions affecting the route. We're in direct contact with our carrier to confirm status and will provide you with an updated delivery timeline within the next 2 hours.
SHP-10078,122.6,No GPS ping in 23.3 hours; ETA slipped 27.4 hours from plan; Carrier status: Exception,"This shipment has been sitting without GPS updates for almost a full day and is now over 27 hours behind schedule, with the carrier reporting an exception status that likely indicates a breakdown, routing issue, or other service failure.","Contact CargoNet immediately to determine the exception cause and current shipment location, then secure an expedited recovery plan or alternative carrier if the delay will exceed 48 hours total.","We're reaching out proactively about your shipment SHP-10078. Our carrier has reported a service exception that has caused a delay, and we're currently working directly with them to resolve the issue and get your delivery back on track. We'll provide you with an updated delivery estimate within the next 4 hours."
