shipment_id,timestamp,lat,lon
SHP-10000,2026-08-29 15:17,33.2796,-89.8929
SHP-10000,2026-08-30 10:00,30.398,-96.0232
SHP-10000,2026-08-31 04:43,39.7483,-89.1012
SHP-10000,2026-08-31 23:26,33.3066,-88.2147
SHP-10000,2026-09-01 18:09,42.1415,-99.87
SHP-10000,2026-09-02 12:52,42.0873,-86.0372
SHP-10001,2026-08-31 03:32,44.5967,-92.4293
SHP-10001,2026-08-31 15:03,38.2806,-83.4119
SHP-10001,2026-09-01 02:34,39.2778,-82.7659
SHP-10001,2026-09-01 14:06,38.6603,-85.9086
SHP-10001,2026-09-02 01:37,30.6874,-95.442
SHP-10001,2026-09-02 13:08,34.3408,-98.4042
SHP-10002,2026-08-31 22:23,31.071,-87.3004
SHP-10002,2026-09-01 00:30,38.0121,-95.1038
SHP-10002,2026-09-01 02:36,36.9339,-94.601
SHP-10002,2026-09-01 04:43,43.8809,-86.2368
SHP-10002,2026-09-01 06:50,33.2942,-93.5143
SHP-10002,2026-09-01 08:57,41.5247,-98.8812
SHP-10003,2026-08-28 19:28,39.6428,-97.1426
SHP-10003,2026-08-29 18:07,32.0945,-85.1002
SHP-10003,2026-08-30 16:45,38.0847,-85.0597
SHP-10003,2026-08-31 15:23,36.4265,-88.3293
SHP-10003,2026-09-01 14:01,35.4299,-80.0535
SHP-10003,2026-09-02 12:39,32.075,-90.1297
SHP-10004,2026-08-30 04:44,44.1365,-86.3943
SHP-10004,2026-08-30 20:37,31.7183,-82.3042
SHP-10004,2026-08-31 12:29,41.2632,-84.628
SHP-10004,2026-09-01 04:22,35.1026,-94.13
SHP-10004,2026-09-01 20:14,32.3724,-99.9351
SHP-10004,2026-09-02 12:07,40.8314,-85.6064
SHP-10005,2026-08-31 09:20,38.0907,-84.4275
SHP-10005,2026-08-31 13:43,37.9553,-99.9886
SHP-10005,2026-08-31 18:05,34.8623,-99.6105
SHP-10005,2026-08-31 22:28,43.9365,-82.4256
SHP-10005,2026-09-01 02:50,42.475,-93.8497
SHP-10005,2026-09-01 07:13,30.8689,-82.4398
SHP-10006,2026-08-29 12:58,37.9151,-87.8681
SHP-10006,2026-08-30 08:19,44.4654,-81.4217
SHP-10006,2026-08-31 03:39,41.329,-86.2026
SHP-10006,2026-08-31 22:59,40.6942,-92.0202
SHP-10006,2026-09-01 18:19,40.0753,-92.5316
SHP-10006,2026-09-02 13:40,43.4942,-90.9703
SHP-10007,2026-08-31 16:51,42.8945,-98.5829
SHP-10007,2026-08-31 19:06,33.5701,-86.6204
SHP-10007,2026-08-31 21:20,33.2136,-97.3538
SHP-10007,2026-08-31 23:35,44.0327,-88.5791
SHP-10007,2026-09-01 01:50,37.0901,-84.3076
SHP-10007,2026-09-01 04:04,42.1125,-96.1918
SHP-10008,2026-08-29 03:04,40.9232,-83.9881
SHP-10008,2026-08-29 21:23,31.639,-96.1682
SHP-10008,2026-08-30 15:42,38.0443,-97.1964
SHP-10008,2026-08-31 10:01,32.7523,-90.7474
SHP-10008,2026-09-01 04:20,43.1173,-98.4923
SHP-10008,2026-09-01 22:39,42.1203,-82.8807
SHP-10009,2026-08-28 16:58,36.0156,-98.8273
SHP-10009,2026-08-29 16:00,35.6846,-80.2938
SHP-10009,2026-08-30 15:02,33.978,-84.3186
SHP-10009,2026-08-31 14:04,36.8251,-91.5399
SHP-10009,2026-09-01 13:06,44.3598,-80.0915
SHP-10009,2026-09-02 12:08,38.3365,-85.6318
SHP-10010,2026-08-29 14:11,44.4117,-98.3978
SHP-10010,2026-08-30 09:10,32.7874,-88.0993
SHP-10010,2026-08-31 04:09,40.1282,-95.2959
SHP-10010,2026-08-31 23:08,31.7983,-82.1943
SHP-10010,2026-09-01 18:07,33.6932,-88.1096
SHP-10010,2026-09-02 13:06,39.2907,-91.6155
SHP-10011,2026-08-29 21:42,34.7427,-84.9627
SHP-10011,2026-08-30 15:15,31.0881,-90.8343
SHP-10011,2026-08-31 08:48,44.9768,-80.0781
SHP-10011,2026-09-01 02:22,31.0989,-95.7369
SHP-10011,2026-09-01 19:55,33.978,-81.3348
SHP-10011,2026-09-02 13:28,43.213,-82.4146
SHP-10012,2026-08-28 15:13,31.5538,-82.4375
SHP-10012,2026-08-29 14:41,33.967,-82.2057
SHP-10012,2026-08-30 14:10,41.1363,-96.891
SHP-10012,2026-08-31 13:38,34.2263,-95.7874
SHP-10012,2026-09-01 13:07,35.1432,-86.2501
SHP-10012,2026-09-02 12:35,42.7937,-89.8918
SHP-10013,2026-09-01 13:39,38.2752,-91.4463
SHP-10013,2026-09-01 13:51,30.145,-98.4951
SHP-10013,2026-09-01 14:03,43.2466,-81.9214
SHP-10013,2026-09-01 14:15,38.1839,-83.3081
SHP-10013,2026-09-01 14:27,38.7376,-97.0381
SHP-10013,2026-09-01 14:39,31.9117,-93.8348
SHP-10014,2026-08-31 04:02,33.5511,-96.75
SHP-10014,2026-08-31 14:41,41.9983,-96.459
SHP-10014,2026-09-01 01:20,36.1844,-96.4128
SHP-10014,2026-09-01 11:59,43.8673,-84.3523
SHP-10014,2026-09-01 22:38,36.1757,-86.6019
SHP-10014,2026-09-02 09:17,41.0259,-95.0367
SHP-10015,2026-08-29 07:36,39.9005,-92.0307
SHP-10015,2026-08-30 04:00,34.179,-98.6116
SHP-10015,2026-08-31 00:23,41.5999,-92.9771
SHP-10015,2026-08-31 20:47,37.6411,-86.4096
SHP-10015,2026-09-01 17:11,42.6549,-93.377
SHP-10015,2026-09-02 13:35,30.414,-82.4592
SHP-10016,2026-09-01 03:35,35.7779,-88.4682
SHP-10016,2026-09-01 09:45,33.8208,-85.8243
SHP-10016,2026-09-01 15:55,30.0254,-81.4885
SHP-10016,2026-09-01 22:06,38.0768,-85.6114
SHP-10016,2026-09-02 04:16,41.1293,-86.5874
SHP-10016,2026-09-02 10:26,35.4633,-98.6005
SHP-10017,2026-08-28 23:35,38.3162,-96.1632
SHP-10017,2026-08-29 15:48,39.9739,-92.4171
SHP-10017,2026-08-30 08:01,41.222,-96.5195
SHP-10017,2026-08-31 00:14,38.5366,-91.8785
SHP-10017,2026-08-31 16:26,42.5059,-93.9225
SHP-10017,2026-09-01 08:39,33.1527,-84.2848
SHP-10018,2026-08-31 17:29,37.7318,-87.3412
SHP-10018,2026-09-01 02:07,35.0278,-83.6315
SHP-10018,2026-09-01 10:45,41.2671,-86.5441
SHP-10018,2026-09-01 19:23,33.3696,-96.0174
SHP-10018,2026-09-02 04:01,30.3664,-95.1031
SHP-10018,2026-09-02 12:39,37.127,-83.0052
SHP-10019,2026-08-30 14:32,41.5507,-97.8683
SHP-10019,2026-08-30 22:43,36.3772,-96.4823
SHP-10019,2026-08-31 06:54,44.3695,-89.6408
SHP-10019,2026-08-31 15:06,30.7533,-95.016
SHP-10019,2026-08-31 23:17,42.725,-90.8708
SHP-10019,2026-09-01 07:28,42.0212,-86.6484
SHP-10020,2026-08-30 03:11,41.1548,-90.5065
SHP-10020,2026-08-30 19:11,33.8879,-95.0552
SHP-10020,2026-08-31 11:12,39.5649,-84.6837
SHP-10020,2026-09-01 03:13,37.8195,-87.465
SHP-10020,2026-09-01 19:14,34.119,-98.4503
SHP-10020,2026-09-02 11:15,34.2859,-94.5657
SHP-10021,2026-08-29 19:22,30.934,-83.3422
SHP-10021,2026-08-30 13:21,35.8422,-84.6041
SHP-10021,2026-08-31 07:19,44.1909,-99.6094
SHP-10021,2026-09-01 01:18,43.2099,-88.4862
SHP-10021,2026-09-01 19:16,37.1547,-81.1452
SHP-10021,2026-09-02 13:14,34.4792,-92.2003
SHP-10022,2026-08-28 23:48,40.1871,-91.9137
SHP-10022,2026-08-29 21:44,32.4757,-90.6522
SHP-10022,2026-08-30 19:39,31.9144,-87.5549
SHP-10022,2026-08-31 17:34,30.4045,-92.1196
SHP-10022,2026-09-01 15:30,38.4659,-99.458
SHP-10022,2026-09-02 13:25,39.6412,-97.286
SHP-10023,2026-08-31 05:35,31.2286,-99.6123
SHP-10023,2026-08-31 16:47,38.0913,-80.0018
SHP-10023,2026-09-01 03:58,35.2494,-86.9971
SHP-10023,2026-09-01 15:10,41.7185,-86.9649
SHP-10023,2026-09-02 02:21,41.3135,-81.0078
SHP-10023,2026-09-02 13:32,32.9904,-99.5924
SHP-10024,2026-08-30 17:21,41.6669,-96.7247
SHP-10024,2026-08-31 06:51,34.6656,-88.4263
SHP-10024,2026-08-31 20:22,43.9333,-88.4841
SHP-10024,2026-09-01 09:52,43.6204,-92.4939
SHP-10024,2026-09-01 23:23,44.1221,-96.0334
SHP-10024,2026-09-02 12:53,38.8815,-83.3886
SHP-10025,2026-08-30 07:40,30.1898,-91.5988
SHP-10025,2026-08-30 22:54,37.353,-91.3295
SHP-10025,2026-08-31 14:09,35.4328,-82.1685
SHP-10025,2026-09-01 05:23,36.8961,-96.9402
SHP-10025,2026-09-01 20:38,32.6421,-89.5651
SHP-10025,2026-09-02 11:52,39.7569,-87.6818
SHP-10026,2026-08-31 12:14,36.9706,-87.7934
SHP-10026,2026-08-31 21:44,35.6848,-99.426
SHP-10026,2026-09-01 07:15,42.7643,-96.3632
SHP-10026,2026-09-01 16:45,33.1818,-84.0434
SHP-10026,2026-09-02 02:16,35.1051,-82.3936
SHP-10026,2026-09-02 11:46,40.5178,-94.4746
SHP-10027,2026-08-30 15:05,41.894,-98.1389
SHP-10027,2026-08-31 00:19,33.3239,-86.1643
SHP-10027,2026-08-31 09:32,34.5931,-88.3689
SHP-10027,2026-08-31 18:45,37.0989,-89.3816
SHP-10027,2026-09-01 03:58,36.3826,-85.0813
SHP-10027,2026-09-01 13:12,34.9619,-85.9429
SHP-10028,2026-08-31 07:42,40.8688,-80.4679
SHP-10028,2026-08-31 14:36,37.8696,-94.34
SHP-10028,2026-08-31 21:29,31.5079,-96.1176
SHP-10028,2026-09-01 04:23,33.4122,-96.4112
SHP-10028,2026-09-01 11:17,30.2122,-89.3173
SHP-10028,2026-09-01 18:10,34.1147,-80.5141
SHP-10029,2026-08-31 10:42,37.1659,-83.5577
SHP-10029,2026-08-31 20:40,36.0106,-98.5184
SHP-10029,2026-09-01 06:39,39.4417,-98.9278
SHP-10029,2026-09-01 16:37,32.238,-88.7432
SHP-10029,2026-09-02 02:36,34.5575,-80.1216
SHP-10029,2026-09-02 12:34,31.7768,-84.7111
SHP-10030,2026-08-31 09:27,31.4885,-84.7453
SHP-10030,2026-08-31 19:22,39.3827,-94.7071
SHP-10030,2026-09-01 05:18,31.2178,-95.2027
SHP-10030,2026-09-01 15:14,38.2799,-96.8693
SHP-10030,2026-09-02 01:10,36.1278,-86.2126
SHP-10030,2026-09-02 11:05,37.0487,-99.3472
SHP-10031,2026-08-29 20:00,36.3771,-89.1088
SHP-10031,2026-08-30 12:52,39.7145,-81.8318
SHP-10031,2026-08-31 05:44,42.3995,-98.5718
SHP-10031,2026-08-31 22:36,32.4888,-93.8478
SHP-10031,2026-09-01 15:28,41.2344,-88.6159
SHP-10031,2026-09-02 08:19,34.3292,-97.5129
SHP-10032,2026-08-30 14:35,30.388,-95.4215
SHP-10032,2026-08-31 04:41,40.1145,-82.7897
SHP-10032,2026-08-31 18:46,38.8068,-99.5851
SHP-10032,2026-09-01 08:52,41.4714,-83.5716
SHP-10032,2026-09-01 22:57,38.6437,-84.7378
SHP-10032,2026-09-02 13:03,32.6279,-89.6207
SHP-10033,2026-08-28 16:58,36.1747,-90.0906
SHP-10033,2026-08-29 16:11,39.9388,-91.991
SHP-10033,2026-08-30 15:25,41.4075,-99.2661
SHP-10033,2026-08-31 14:38,31.3209,-94.952
SHP-10033,2026-09-01 13:52,31.7388,-84.549
SHP-10033,2026-09-02 13:05,42.9737,-83.5015
SHP-10034,2026-08-30 12:13,31.9652,-94.2394
SHP-10034,2026-08-31 02:45,43.2127,-90.3058
SHP-10034,2026-08-31 17:16,30.433,-87.3996
SHP-10034,2026-09-01 07:47,41.9897,-85.8043
SHP-10034,2026-09-01 22:18,34.6613,-99.7265
SHP-10034,2026-09-02 12:49,36.1199,-95.506
SHP-10035,2026-08-28 20:27,37.0833,-90.8643
SHP-10035,2026-08-29 14:14,32.1696,-96.1878
SHP-10035,2026-08-30 08:01,38.9907,-85.0741
SHP-10035,2026-08-31 01:49,32.0476,-98.6038
SHP-10035,2026-08-31 19:36,41.5901,-82.9118
SHP-10035,2026-09-01 13:23,35.0981,-84.2457
SHP-10036,2026-08-30 06:19,41.4431,-92.4558
SHP-10036,2026-08-30 21:47,43.9928,-82.608
SHP-10036,2026-08-31 13:15,44.7116,-95.2239
SHP-10036,2026-09-01 04:43,35.7446,-82.8797
SHP-10036,2026-09-01 20:12,36.1616,-93.6365
SHP-10036,2026-09-02 11:40,37.0946,-81.7314
SHP-10037,2026-08-31 06:07,32.1623,-82.5813
SHP-10037,2026-08-31 17:05,44.5494,-98.5034
SHP-10037,2026-09-01 04:03,41.7229,-94.6995
SHP-10037,2026-09-01 15:00,39.3489,-92.0503
SHP-10037,2026-09-02 01:58,31.2047,-93.4287
SHP-10037,2026-09-02 12:56,40.1154,-89.3276
SHP-10038,2026-08-29 20:17,40.5584,-97.9899
SHP-10038,2026-08-30 14:00,32.4955,-94.0107
SHP-10038,2026-08-31 07:42,30.4342,-93.5125
SHP-10038,2026-09-01 01:25,30.8418,-92.8307
SHP-10038,2026-09-01 19:07,36.4603,-95.1161
SHP-10038,2026-09-02 12:50,36.1808,-86.364
SHP-10039,2026-08-30 02:30,33.8299,-99.8121
SHP-10039,2026-08-30 18:48,42.0695,-81.9758
SHP-10039,2026-08-31 11:05,40.1642,-96.8405
SHP-10039,2026-09-01 03:23,36.6259,-93.0887
SHP-10039,2026-09-01 19:41,38.8136,-87.2212
SHP-10039,2026-09-02 11:59,36.3646,-94.998
SHP-10040,2026-08-31 03:32,35.9371,-99.838
SHP-10040,2026-08-31 08:46,42.976,-84.4338
SHP-10040,2026-08-31 14:01,44.604,-81.7877
SHP-10040,2026-08-31 19:15,41.1776,-83.3432
SHP-10040,2026-09-01 00:29,43.544,-84.4852
SHP-10040,2026-09-01 05:44,33.4518,-83.9614
SHP-10041,2026-08-29 16:47,34.634,-91.1835
SHP-10041,2026-08-30 10:35,38.6936,-85.3528
SHP-10041,2026-08-31 04:22,31.352,-94.0978
SHP-10041,2026-08-31 22:10,41.2122,-96.4872
SHP-10041,2026-09-01 15:58,31.9824,-89.2118
SHP-10041,2026-09-02 09:46,44.5723,-89.383
SHP-10042,2026-08-28 17:07,41.3123,-95.4877
SHP-10042,2026-08-29 16:14,40.1449,-86.5119
SHP-10042,2026-08-30 15:21,35.9612,-83.0851
SHP-10042,2026-08-31 14:28,38.3597,-98.1939
SHP-10042,2026-09-01 13:35,35.9186,-94.7108
SHP-10042,2026-09-02 12:41,31.8538,-92.6283
SHP-10043,2026-09-01 03:35,39.1512,-87.047
SHP-10043,2026-09-01 10:22,39.5311,-90.7146
SHP-10043,2026-09-01 17:08,40.5162,-87.0152
SHP-10043,2026-09-01 23:54,31.7501,-99.0931
SHP-10043,2026-09-02 06:40,30.5582,-80.0815
SHP-10043,2026-09-02 13:26,31.7418,-95.304
SHP-10044,2026-08-28 19:11,37.3402,-91.8377
SHP-10044,2026-08-29 17:51,44.2728,-99.3457
SHP-10044,2026-08-30 16:30,35.5579,-91.1323
SHP-10044,2026-08-31 15:10,44.2583,-82.891
SHP-10044,2026-09-01 13:50,31.4903,-86.2864
SHP-10044,2026-09-02 12:30,38.167,-80.4431
SHP-10045,2026-08-28 18:53,30.3204,-84.2641
SHP-10045,2026-08-29 17:43,33.6535,-97.4815
SHP-10045,2026-08-30 16:33,38.4687,-98.6278
SHP-10045,2026-08-31 15:23,41.4774,-95.8569
SHP-10045,2026-09-01 14:13,33.2393,-82.6061
SHP-10045,2026-09-02 13:03,34.9284,-97.0489
SHP-10046,2026-08-29 09:20,38.8328,-99.6844
SHP-10046,2026-08-30 04:38,33.9805,-97.4648
SHP-10046,2026-08-30 23:56,36.3144,-97.727
SHP-10046,2026-08-31 19:14,30.9534,-91.0345
SHP-10046,2026-09-01 14:32,35.4306,-88.1267
SHP-10046,2026-09-02 09:50,36.7801,-95.569
SHP-10047,2026-08-28 14:08,43.489,-93.5578
SHP-10047,2026-08-29 13:47,32.225,-97.4762
SHP-10047,2026-08-30 13:26,39.3648,-88.2927
SHP-10047,2026-08-31 13:05,40.6823,-92.3819
SHP-10047,2026-09-01 12:44,38.9609,-94.102
SHP-10047,2026-09-02 12:23,37.5833,-91.396
SHP-10048,2026-08-29 02:54,40.9442,-93.749
SHP-10048,2026-08-29 23:48,34.6879,-94.9022
SHP-10048,2026-08-30 20:42,44.3039,-86.2636
SHP-10048,2026-08-31 17:36,37.114,-98.1755
SHP-10048,2026-09-01 14:30,31.2805,-91.3625
SHP-10048,2026-09-02 11:24,41.1688,-92.5471
SHP-10049,2026-08-30 22:33,39.0062,-92.9671
SHP-10049,2026-08-31 09:29,38.6688,-95.7452
SHP-10049,2026-08-31 20:24,39.851,-95.5151
SHP-10049,2026-09-01 07:19,31.6233,-83.0925
SHP-10049,2026-09-01 18:15,35.5134,-84.7479
SHP-10049,2026-09-02 05:10,38.6115,-83.8556
SHP-10050,2026-08-28 20:48,43.8231,-92.9795
SHP-10050,2026-08-29 19:12,32.7211,-97.135
SHP-10050,2026-08-30 17:37,39.8602,-98.6083
SHP-10050,2026-08-31 16:01,41.1145,-80.5638
SHP-10050,2026-09-01 14:25,31.3764,-89.3903
SHP-10050,2026-09-02 12:49,35.6429,-90.9271
SHP-10051,2026-09-01 05:50,36.6467,-91.5197
SHP-10051,2026-09-01 12:13,39.1061,-91.7163
SHP-10051,2026-09-01 18:37,33.2335,-89.7531
SHP-10051,2026-09-02 01:00,35.1776,-97.7822
SHP-10051,2026-09-02 07:23,40.1733,-88.1373
SHP-10051,2026-09-02 13:47,37.904,-93.8316
SHP-10052,2026-08-29 12:20,32.6354,-92.3959
SHP-10052,2026-08-30 07:38,40.5551,-89.9948
SHP-10052,2026-08-31 02:56,42.5003,-83.876
SHP-10052,2026-08-31 22:14,31.0811,-82.7647
SHP-10052,2026-09-01 17:33,30.6345,-99.6252
SHP-10052,2026-09-02 12:51,43.8174,-82.7578
SHP-10053,2026-08-30 23:07,43.7965,-98.2374
SHP-10053,2026-08-31 11:26,42.6673,-95.1337
SHP-10053,2026-08-31 23:45,38.8331,-89.5207
SHP-10053,2026-09-01 12:05,35.9365,-93.7945
SHP-10053,2026-09-02 00:24,35.0927,-93.3386
SHP-10053,2026-09-02 12:44,32.522,-89.7903
SHP-10054,2026-08-30 00:02,41.4032,-86.8898
SHP-10054,2026-08-30 17:02,32.6572,-84.543
SHP-10054,2026-08-31 10:02,37.4118,-84.9111
SHP-10054,2026-09-01 03:02,41.3982,-91.0219
SHP-10054,2026-09-01 20:03,43.8623,-88.7102
SHP-10054,2026-09-02 13:03,39.5295,-87.5096
SHP-10055,2026-08-31 08:55,30.5641,-92.6252
SHP-10055,2026-08-31 19:23,34.3062,-87.1067
SHP-10055,2026-09-01 05:51,44.6605,-98.1941
SHP-10055,2026-09-01 16:19,38.9112,-92.3104
SHP-10055,2026-09-02 02:47,38.7049,-80.9154
SHP-10055,2026-09-02 13:15,41.0838,-99.1795
SHP-10056,2026-08-31 23:31,31.2649,-87.0775
SHP-10056,2026-09-01 06:55,30.5871,-85.8476
SHP-10056,2026-09-01 14:19,44.8648,-89.5186
SHP-10056,2026-09-01 21:43,39.1471,-92.722
SHP-10056,2026-09-02 05:07,43.7691,-92.2517
SHP-10056,2026-09-02 12:31,41.617,-86.422
SHP-10057,2026-08-31 10:43,35.0004,-88.3452
SHP-10057,2026-08-31 14:20,32.1214,-93.0036
SHP-10057,2026-08-31 17:56,44.5154,-86.0304
SHP-10057,2026-08-31 21:33,35.8794,-88.0992
SHP-10057,2026-09-01 01:10,44.07,-93.8084
SHP-10057,2026-09-01 04:47,35.6502,-84.1668
SHP-10058,2026-08-29 20:12,35.439,-96.3947
SHP-10058,2026-08-30 09:46,33.2129,-81.0466
SHP-10058,2026-08-30 23:20,37.2941,-95.4691
SHP-10058,2026-08-31 12:54,32.0635,-98.4567
SHP-10058,2026-09-01 02:28,42.6664,-97.9772
SHP-10058,2026-09-01 16:02,41.5631,-83.2976
SHP-10059,2026-09-01 01:25,32.4831,-91.2465
SHP-10059,2026-09-01 08:29,36.1629,-86.4727
SHP-10059,2026-09-01 15:33,33.563,-91.116
SHP-10059,2026-09-01 22:37,34.2739,-85.0293
SHP-10059,2026-09-02 05:41,36.7339,-89.3198
SHP-10059,2026-09-02 12:46,34.642,-83.8275
SHP-10060,2026-08-30 17:40,42.0189,-97.232
SHP-10060,2026-08-31 07:05,33.75,-87.1764
SHP-10060,2026-08-31 20:30,43.1118,-88.9092
SHP-10060,2026-09-01 09:55,31.5388,-83.0822
SHP-10060,2026-09-01 23:20,42.7675,-94.2987
SHP-10060,2026-09-02 12:45,41.4468,-94.5442
SHP-10061,2026-08-29 07:35,44.9179,-92.5017
SHP-10061,2026-08-30 01:16,30.4228,-81.3835
SHP-10061,2026-08-30 18:57,42.5876,-87.0008
SHP-10061,2026-08-31 12:38,41.8707,-97.248
SHP-10061,2026-09-01 06:19,34.3032,-83.4048
SHP-10061,2026-09-02 00:00,40.4411,-97.2241
SHP-10062,2026-08-31 17:17,34.5173,-99.045
SHP-10062,2026-08-31 22:09,36.2974,-84.122
SHP-10062,2026-09-01 03:00,36.8567,-97.7828
SHP-10062,2026-09-01 07:52,43.5772,-88.0652
SHP-10062,2026-09-01 12:43,30.2465,-89.6925
SHP-10062,2026-09-01 17:34,33.6291,-97.1285
SHP-10063,2026-08-29 21:51,44.825,-88.917
SHP-10063,2026-08-30 15:19,35.8568,-90.5973
SHP-10063,2026-08-31 08:47,39.5351,-80.3792
SHP-10063,2026-09-01 02:15,33.8048,-99.6752
SHP-10063,2026-09-01 19:43,41.8278,-93.104
SHP-10063,2026-09-02 13:11,40.9941,-87.4349
SHP-10064,2026-08-30 00:17,32.7342,-97.3029
SHP-10064,2026-08-30 12:31,40.7407,-81.1279
SHP-10064,2026-08-31 00:45,30.5548,-95.9682
SHP-10064,2026-08-31 13:00,41.8666,-82.2842
SHP-10064,2026-09-01 01:14,34.7339,-93.7985
SHP-10064,2026-09-01 13:28,35.9734,-83.6919
SHP-10065,2026-08-31 03:43,43.3423,-85.1338
SHP-10065,2026-08-31 14:53,43.4196,-92.2671
SHP-10065,2026-09-01 02:02,44.6059,-90.0759
SHP-10065,2026-09-01 13:12,37.4629,-81.5138
SHP-10065,2026-09-02 00:22,37.7891,-83.977
SHP-10065,2026-09-02 11:31,40.9062,-98.4215
SHP-10066,2026-08-29 22:33,35.2732,-99.1529
SHP-10066,2026-08-30 10:12,43.0506,-92.9488
SHP-10066,2026-08-30 21:51,44.9723,-94.5089
SHP-10066,2026-08-31 09:30,44.7004,-81.0419
SHP-10066,2026-08-31 21:10,31.1256,-87.2497
SHP-10066,2026-09-01 08:49,35.4497,-83.9781
SHP-10067,2026-08-30 19:56,38.5087,-87.8981
SHP-10067,2026-08-31 09:01,40.1859,-81.0235
SHP-10067,2026-08-31 22:06,35.5802,-84.7383
SHP-10067,2026-09-01 11:11,38.6088,-89.4108
SHP-10067,2026-09-02 00:16,35.9705,-87.0088
SHP-10067,2026-09-02 13:21,33.7442,-97.731
SHP-10068,2026-08-29 11:36,37.368,-97.5473
SHP-10068,2026-08-30 07:00,42.7924,-90.9591
SHP-10068,2026-08-31 02:24,43.4802,-91.0978
SHP-10068,2026-08-31 21:48,31.3169,-86.3614
SHP-10068,2026-09-01 17:12,42.6828,-93.6082
SHP-10068,2026-09-02 12:37,35.2114,-98.7012
SHP-10069,2026-08-31 21:17,37.4103,-92.7821
SHP-10069,2026-09-01 05:20,38.5842,-90.6519
SHP-10069,2026-09-01 13:23,44.7452,-97.4046
SHP-10069,2026-09-01 21:27,43.2637,-98.685
SHP-10069,2026-09-02 05:30,35.9724,-85.6613
SHP-10069,2026-09-02 13:34,37.18,-91.7841
SHP-10070,2026-09-01 06:52,38.8168,-84.6444
SHP-10070,2026-09-01 12:43,31.9355,-89.9427
SHP-10070,2026-09-01 18:34,43.0232,-83.3722
SHP-10070,2026-09-02 00:25,37.7715,-93.9175
SHP-10070,2026-09-02 06:16,32.4295,-81.3052
SHP-10070,2026-09-02 12:07,33.3821,-81.0503
SHP-10071,2026-08-30 09:07,38.8771,-88.3871
SHP-10071,2026-08-31 00:17,32.568,-87.5104
SHP-10071,2026-08-31 15:28,43.53,-93.2476
SHP-10071,2026-09-01 06:38,43.8589,-99.1761
SHP-10071,2026-09-01 21:49,42.9567,-98.3755
SHP-10071,2026-09-02 13:00,44.2282,-84.5796
SHP-10072,2026-08-29 00:39,42.1102,-91.8781
SHP-10072,2026-08-29 18:38,36.8032,-86.2277
SHP-10072,2026-08-30 12:38,32.3712,-91.6876
SHP-10072,2026-08-31 06:37,36.9666,-93.1961
SHP-10072,2026-09-01 00:37,32.155,-82.7703
SHP-10072,2026-09-01 18:36,34.7897,-80.2395
SHP-10073,2026-09-01 03:48,34.3532,-92.317
SHP-10073,2026-09-01 10:35,39.2307,-95.0346
SHP-10073,2026-09-01 17:23,42.9796,-96.806
SHP-10073,2026-09-02 00:10,34.9115,-88.4463
SHP-10073,2026-09-02 06:58,34.6907,-84.7376
SHP-10073,2026-09-02 13:45,37.474,-89.7055
SHP-10074,2026-08-30 13:28,38.9628,-83.143
SHP-10074,2026-08-31 03:52,40.0878,-94.285
SHP-10074,2026-08-31 18:17,30.1227,-97.8501
SHP-10074,2026-09-01 08:41,32.009,-94.7105
SHP-10074,2026-09-01 23:06,35.4867,-91.9349
SHP-10074,2026-09-02 13:30,30.6786,-98.9768
SHP-10075,2026-08-30 13:35,31.93,-98.0664
SHP-10075,2026-08-31 03:52,35.598,-80.2642
SHP-10075,2026-08-31 18:10,38.3675,-92.6879
SHP-10075,2026-09-01 08:27,32.164,-87.9507
SHP-10075,2026-09-01 22:45,36.0208,-99.1949
SHP-10075,2026-09-02 13:02,30.5837,-85.7282
SHP-10076,2026-08-31 06:30,38.9059,-89.8537
SHP-10076,2026-08-31 17:21,37.6457,-90.2031
SHP-10076,2026-09-01 04:11,38.4439,-90.5021
SHP-10076,2026-09-01 15:02,30.2496,-93.3752
SHP-10076,2026-09-02 01:52,31.6441,-91.6692
SHP-10076,2026-09-02 12:43,34.6152,-82.0247
SHP-10077,2026-08-28 16:40,39.4354,-87.6053
SHP-10077,2026-08-29 16:04,42.6175,-97.0445
SHP-10077,2026-08-30 15:28,40.2109,-99.3686
SHP-10077,2026-08-31 14:52,44.2231,-97.8021
SHP-10077,2026-09-01 14:15,30.2841,-93.7262
SHP-10077,2026-09-02 13:39,32.2715,-86.19
SHP-10078,2026-08-30 12:12,43.6819,-93.1535
SHP-10078,2026-08-30 22:18,35.3143,-84.5602
SHP-10078,2026-08-31 08:24,40.8139,-87.1338
SHP-10078,2026-08-31 18:29,40.3997,-87.7985
SHP-10078,2026-09-01 04:35,32.884,-95.0696
SHP-10078,2026-09-01 14:41,38.3713,-95.5027
SHP-10079,2026-08-31 07:33,43.4364,-92.1094
SHP-10079,2026-08-31 16:27,35.177,-84.5387
SHP-10079,2026-09-01 01:21,32.1971,-99.1587
SHP-10079,2026-09-01 10:15,44.3297,-98.4194
SHP-10079,2026-09-01 19:09,43.8601,-86.8806
SHP-10079,2026-09-02 04:03,41.2101,-95.7203
SHP-10080,2026-08-29 14:52,30.7874,-91.734
SHP-10080,2026-08-30 09:42,40.7604,-97.9891
SHP-10080,2026-08-31 04:31,41.5615,-99.8964
SHP-10080,2026-08-31 23:21,38.2553,-81.418
SHP-10080,2026-09-01 18:10,36.1036,-81.2994
SHP-10080,2026-09-02 13:00,43.176,-90.451
SHP-10081,2026-08-29 12:12,32.626,-82.3551
SHP-10081,2026-08-30 07:29,32.6368,-81.6073
SHP-10081,2026-08-31 02:46,44.9576,-92.0601
SHP-10081,2026-08-31 22:03,37.4308,-81.2678
SHP-10081,2026-09-01 17:20,44.432,-81.4792
SHP-10081,2026-09-02 12:37,43.1511,-99.8147
SHP-10082,2026-08-30 18:22,34.0926,-83.8237
SHP-10082,2026-08-31 07:33,34.9603,-85.3776
SHP-10082,2026-08-31 20:43,39.7243,-85.628
SHP-10082,2026-09-01 09:53,30.2113,-93.2578
SHP-10082,2026-09-01 23:04,34.4254,-86.512
SHP-10082,2026-09-02 12:14,32.8974,-87.7809
SHP-10083,2026-09-01 04:50,36.701,-94.6601
SHP-10083,2026-09-01 11:10,34.9444,-88.3508
SHP-10083,2026-09-01 17:31,38.5932,-94.7689
SHP-10083,2026-09-01 23:51,35.3933,-95.2739
SHP-10083,2026-09-02 06:12,40.0168,-90.6921
SHP-10083,2026-09-02 12:32,32.3958,-86.2785
SHP-10084,2026-08-31 02:42,36.2377,-89.0153
SHP-10084,2026-08-31 09:48,37.0624,-89.2496
SHP-10084,2026-08-31 16:54,39.9614,-95.6318
SHP-10084,2026-08-31 23:59,33.712,-84.9052
SHP-10084,2026-09-01 07:05,43.097,-98.3626
SHP-10084,2026-09-01 14:10,36.7012,-85.9247
SHP-10085,2026-08-31 18:35,33.081,-88.337
SHP-10085,2026-09-01 03:13,31.3641,-89.7925
SHP-10085,2026-09-01 11:51,42.1304,-90.9314
SHP-10085,2026-09-01 20:28,37.6987,-90.864
SHP-10085,2026-09-02 05:06,30.8661,-90.7524
SHP-10085,2026-09-02 13:44,42.1037,-85.5344
SHP-10086,2026-08-31 04:55,34.3064,-96.4004
SHP-10086,2026-08-31 11:45,32.0314,-87.1695
SHP-10086,2026-08-31 18:34,40.9393,-80.7243
SHP-10086,2026-09-01 01:24,35.6169,-82.1733
SHP-10086,2026-09-01 08:13,36.7281,-81.6577
SHP-10086,2026-09-01 15:03,35.6624,-98.395
SHP-10087,2026-08-28 14:41,44.6774,-90.7399
SHP-10087,2026-08-29 14:19,40.7864,-91.5174
SHP-10087,2026-08-30 13:56,35.6891,-95.4067
SHP-10087,2026-08-31 13:34,36.9094,-96.8976
SHP-10087,2026-09-01 13:12,32.8272,-82.4958
SHP-10087,2026-09-02 12:50,41.4823,-99.3557
SHP-10088,2026-08-30 04:58,30.6636,-91.2207
SHP-10088,2026-08-30 17:18,38.0964,-84.9123
SHP-10088,2026-08-31 05:38,41.641,-97.1973
SHP-10088,2026-08-31 17:57,44.9023,-95.3168
SHP-10088,2026-09-01 06:17,43.746,-88.4778
SHP-10088,2026-09-01 18:36,38.6621,-84.5492
SHP-10089,2026-08-30 11:57,43.6737,-87.4801
SHP-10089,2026-08-31 02:30,36.408,-90.0876
SHP-10089,2026-08-31 17:02,44.5844,-81.1683
SHP-10089,2026-09-01 07:35,40.0701,-84.2839
SHP-10089,2026-09-01 22:07,34.781,-91.6735
SHP-10089,2026-09-02 12:40,32.2383,-92.4708
SHP-10090,2026-08-29 08:38,33.6429,-95.9333
SHP-10090,2026-08-30 04:44,39.7006,-81.5555
SHP-10090,2026-08-31 00:51,42.707,-98.1507
SHP-10090,2026-08-31 20:57,40.8688,-96.1904
SHP-10090,2026-09-01 17:03,34.0269,-86.5266
SHP-10090,2026-09-02 13:09,39.0438,-82.5276
SHP-10091,2026-08-31 17:56,44.4312,-97.6537
SHP-10091,2026-09-01 02:28,44.9936,-90.4216
SHP-10091,2026-09-01 11:00,33.6389,-87.912
SHP-10091,2026-09-01 19:31,33.0677,-81.6975
SHP-10091,2026-09-02 04:03,38.2812,-84.4897
SHP-10091,2026-09-02 12:35,35.7099,-89.327
SHP-10092,2026-08-30 17:15,34.6938,-99.0857
SHP-10092,2026-08-31 06:36,42.9613,-85.175
SHP-10092,2026-08-31 19:57,30.2433,-88.9338
SHP-10092,2026-09-01 09:17,38.7605,-85.5998
SHP-10092,2026-09-01 22:38,34.4279,-96.0762
SHP-10092,2026-09-02 11:59,33.4503,-88.6042
SHP-10093,2026-08-31 13:17,32.539,-85.5937
SHP-10093,2026-08-31 20:53,37.3247,-81.662
SHP-10093,2026-09-01 04:30,38.1321,-87.1638
SHP-10093,2026-09-01 12:06,30.881,-99.3235
SHP-10093,2026-09-01 19:42,42.7005,-81.0962
SHP-10093,2026-09-02 03:18,40.0232,-84.7132
SHP-10094,2026-08-30 18:13,39.8893,-99.6854
SHP-10094,2026-08-31 00:57,37.9832,-91.7732
SHP-10094,2026-08-31 07:42,30.2509,-85.5561
SHP-10094,2026-08-31 14:26,38.0361,-94.2662
SHP-10094,2026-08-31 21:10,37.5332,-86.0428
SHP-10094,2026-09-01 03:55,36.4586,-81.2058
SHP-10095,2026-08-30 02:30,36.0904,-88.7
SHP-10095,2026-08-30 19:04,44.8535,-95.4829
SHP-10095,2026-08-31 11:39,40.2606,-83.0427
SHP-10095,2026-09-01 04:13,39.806,-82.8356
SHP-10095,2026-09-01 20:48,41.3938,-98.13
SHP-10095,2026-09-02 13:22,35.689,-88.946
SHP-10096,2026-08-29 04:50,43.7873,-95.4047
SHP-10096,2026-08-30 01:36,43.5191,-86.1542
SHP-10096,2026-08-30 22:22,38.5018,-94.5781
SHP-10096,2026-08-31 19:07,43.8624,-86.3114
SHP-10096,2026-09-01 15:53,34.2056,-89.1394
SHP-10096,2026-09-02 12:38,39.8716,-96.4129
SHP-10097,2026-08-29 17:34,42.7416,-86.4593
SHP-10097,2026-08-30 11:53,38.1084,-92.3231
SHP-10097,2026-08-31 06:11,41.0962,-84.19
SHP-10097,2026-09-01 00:29,40.3397,-98.4314
SHP-10097,2026-09-01 18:48,41.1818,-93.0828
SHP-10097,2026-09-02 13:06,31.4653,-95.3571
SHP-10098,2026-08-30 23:54,35.3372,-81.1771
SHP-10098,2026-08-31 12:10,36.4777,-86.4061
SHP-10098,2026-09-01 00:26,39.9101,-98.2861
SHP-10098,2026-09-01 12:41,39.2792,-84.0389
SHP-10098,2026-09-02 00:57,40.6966,-98.3592
SHP-10098,2026-09-02 13:12,32.3133,-85.7665
SHP-10099,2026-08-31 08:24,38.3548,-89.7512
SHP-10099,2026-08-31 18:59,31.5494,-98.2076
SHP-10099,2026-09-01 05:33,38.3133,-88.0615
SHP-10099,2026-09-01 16:08,41.7666,-82.7256
SHP-10099,2026-09-02 02:43,30.1851,-91.7238
SHP-10099,2026-09-02 13:17,41.6875,-85.5031
SHP-10100,2026-08-31 21:43,36.3165,-90.3154
SHP-10100,2026-09-01 05:38,31.1538,-94.966
SHP-10100,2026-09-01 13:33,33.6989,-87.4993
SHP-10100,2026-09-01 21:27,38.9071,-96.089
SHP-10100,2026-09-02 05:22,31.6046,-93.9068
SHP-10100,2026-09-02 13:17,44.2324,-93.3557
SHP-10101,2026-08-29 06:56,37.1851,-96.4473
SHP-10101,2026-08-30 03:06,35.9736,-93.6172
SHP-10101,2026-08-30 23:16,41.0231,-87.342
SHP-10101,2026-08-31 19:25,44.5164,-84.3605
SHP-10101,2026-09-01 15:35,34.8883,-94.394
SHP-10101,2026-09-02 11:45,41.788,-92.6997
SHP-10102,2026-08-29 12:18,42.4692,-98.6168
SHP-10102,2026-08-30 06:50,42.7168,-84.0991
SHP-10102,2026-08-31 01:23,40.0947,-97.2164
SHP-10102,2026-08-31 19:55,34.5425,-94.9464
SHP-10102,2026-09-01 14:28,32.3121,-91.5374
SHP-10102,2026-09-02 09:00,35.6549,-91.0187
SHP-10103,2026-08-28 21:38,38.0536,-87.2364
SHP-10103,2026-08-29 19:33,31.2747,-84.6209
SHP-10103,2026-08-30 17:29,39.864,-92.8998
SHP-10103,2026-08-31 15:24,39.705,-99.1141
SHP-10103,2026-09-01 13:20,44.7541,-86.4506
SHP-10103,2026-09-02 11:15,35.9943,-84.9463
SHP-10104,2026-08-29 14:18,36.9459,-86.4089
SHP-10104,2026-08-30 04:59,40.3566,-96.9851
SHP-10104,2026-08-30 19:41,44.9655,-90.3446
SHP-10104,2026-08-31 10:22,34.4315,-81.589
SHP-10104,2026-09-01 01:04,31.2878,-83.3736
SHP-10104,2026-09-01 15:46,40.9523,-93.0334
SHP-10105,2026-09-01 04:37,30.3388,-93.1384
SHP-10105,2026-09-01 10:50,31.6404,-83.999
SHP-10105,2026-09-01 17:03,43.9488,-85.1902
SHP-10105,2026-09-01 23:17,37.7399,-88.9618
SHP-10105,2026-09-02 05:30,34.9648,-91.4726
SHP-10105,2026-09-02 11:43,36.9308,-84.0449
SHP-10106,2026-08-29 15:12,34.1752,-85.9248
SHP-10106,2026-08-30 09:57,41.9401,-88.453
SHP-10106,2026-08-31 04:42,41.9925,-89.2622
SHP-10106,2026-08-31 23:27,35.4869,-96.0585
SHP-10106,2026-09-01 18:12,31.7093,-86.586
SHP-10106,2026-09-02 12:57,37.3423,-80.6817
SHP-10107,2026-08-31 04:35,34.4617,-87.7103
SHP-10107,2026-08-31 10:10,31.2713,-97.321
SHP-10107,2026-08-31 15:44,31.7679,-93.8924
SHP-10107,2026-08-31 21:19,32.7457,-86.1313
SHP-10107,2026-09-01 02:53,37.6624,-91.6352
SHP-10107,2026-09-01 08:28,32.068,-92.3258
SHP-10108,2026-08-28 20:39,36.765,-98.9278
SHP-10108,2026-08-29 19:12,35.3856,-99.8083
SHP-10108,2026-08-30 17:46,32.048,-83.6957
SHP-10108,2026-08-31 16:20,44.4574,-89.8912
SHP-10108,2026-09-01 14:53,37.4245,-86.3061
SHP-10108,2026-09-02 13:27,36.2345,-83.2022
SHP-10109,2026-08-31 16:49,41.5882,-90.0937
SHP-10109,2026-09-01 01:41,37.6621,-88.5457
SHP-10109,2026-09-01 10:32,34.0183,-89.1379
SHP-10109,2026-09-01 19:23,44.8634,-89.1591
SHP-10109,2026-09-02 04:15,41.3518,-84.7999
SHP-10109,2026-09-02 13:06,36.6205,-95.6292
SHP-10110,2026-08-29 07:35,42.9157,-87.7948
SHP-10110,2026-08-29 23:52,36.4225,-87.677
SHP-10110,2026-08-30 16:10,41.7727,-83.7294
SHP-10110,2026-08-31 08:27,42.0816,-88.5985
SHP-10110,2026-09-01 00:44,37.9842,-88.0628
SHP-10110,2026-09-01 17:01,32.5257,-80.42
SHP-10111,2026-09-01 04:51,31.9033,-82.6784
SHP-10111,2026-09-01 10:25,33.7452,-85.7721
SHP-10111,2026-09-01 15:58,42.4272,-84.7705
SHP-10111,2026-09-01 21:32,40.1435,-90.2108
SHP-10111,2026-09-02 03:06,38.6614,-94.6257
SHP-10111,2026-09-02 08:39,36.2134,-90.9602
SHP-10112,2026-08-29 01:46,31.3971,-80.557
SHP-10112,2026-08-29 22:53,39.5226,-86.0542
SHP-10112,2026-08-30 20:01,42.7516,-84.0864
SHP-10112,2026-08-31 17:08,35.9657,-80.6374
SHP-10112,2026-09-01 14:15,42.3727,-90.1057
SHP-10112,2026-09-02 11:22,34.843,-94.3281
SHP-10113,2026-08-31 05:00,43.9415,-96.8403
SHP-10113,2026-08-31 16:22,36.8478,-80.1632
SHP-10113,2026-09-01 03:45,36.417,-80.0861
SHP-10113,2026-09-01 15:07,43.6411,-82.357
SHP-10113,2026-09-02 02:30,34.528,-82.5115
SHP-10113,2026-09-02 13:52,43.1489,-98.1332
SHP-10114,2026-08-30 23:57,40.5555,-99.9783
SHP-10114,2026-08-31 06:40,37.1521,-97.346
SHP-10114,2026-08-31 13:24,33.3929,-86.4003
SHP-10114,2026-08-31 20:07,30.1393,-86.0881
SHP-10114,2026-09-01 02:51,42.2566,-80.2369
SHP-10114,2026-09-01 09:34,36.3347,-97.3565
SHP-10115,2026-09-01 04:05,40.1571,-98.6318
SHP-10115,2026-09-01 10:40,38.4494,-87.7936
SHP-10115,2026-09-01 17:15,32.4617,-92.9762
SHP-10115,2026-09-01 23:50,33.1958,-85.0346
SHP-10115,2026-09-02 06:25,43.7984,-87.6785
SHP-10115,2026-09-02 13:00,36.6358,-95.6551
SHP-10116,2026-08-28 17:31,39.015,-85.5764
SHP-10116,2026-08-29 16:43,34.2738,-81.1744
SHP-10116,2026-08-30 15:56,30.4024,-83.0586
SHP-10116,2026-08-31 15:08,43.1374,-95.8911
SHP-10116,2026-09-01 14:20,39.1039,-96.2271
SHP-10116,2026-09-02 13:33,35.8763,-87.0766
SHP-10117,2026-08-30 04:58,35.4812,-86.3412
SHP-10117,2026-08-30 19:09,41.4409,-80.9109
SHP-10117,2026-08-31 09:20,41.5555,-99.6662
SHP-10117,2026-08-31 23:31,31.013,-94.7563
SHP-10117,2026-09-01 13:42,30.5974,-98.7906
SHP-10117,2026-09-02 03:53,41.8393,-89.8678
SHP-10118,2026-08-30 10:29,44.6147,-96.8925
SHP-10118,2026-08-31 01:18,34.9013,-88.2713
SHP-10118,2026-08-31 16:08,41.4484,-87.0032
SHP-10118,2026-09-01 06:57,39.6473,-93.7966
SHP-10118,2026-09-01 21:47,36.5623,-80.9314
SHP-10118,2026-09-02 12:36,33.5796,-95.1104
SHP-10119,2026-08-29 14:47,37.4462,-93.0659
SHP-10119,2026-08-30 09:48,37.7583,-83.5499
SHP-10119,2026-08-31 04:49,33.8887,-92.5626
SHP-10119,2026-08-31 23:50,41.2466,-82.5308
SHP-10119,2026-09-01 18:52,40.994,-97.6389
SHP-10119,2026-09-02 13:53,43.4985,-93.2998
SHP-10120,2026-09-01 06:36,32.3596,-84.5334
SHP-10120,2026-09-01 12:48,43.414,-86.5176
SHP-10120,2026-09-01 19:01,31.73,-85.1844
SHP-10120,2026-09-02 01:14,30.0385,-82.8262
SHP-10120,2026-09-02 07:27,30.1843,-99.0804
SHP-10120,2026-09-02 13:39,35.4596,-81.5955
SHP-10121,2026-08-31 07:06,37.5306,-81.9612
SHP-10121,2026-08-31 17:30,32.6902,-83.9132
SHP-10121,2026-09-01 03:55,44.7212,-80.9184
SHP-10121,2026-09-01 14:19,31.0339,-90.6981
SHP-10121,2026-09-02 00:43,34.2346,-83.1031
SHP-10121,2026-09-02 11:08,34.9095,-88.9382
SHP-10122,2026-08-29 15:00,38.1984,-84.0805
SHP-10122,2026-08-30 09:46,32.2585,-81.352
SHP-10122,2026-08-31 04:33,30.3587,-89.1691
SHP-10122,2026-08-31 23:19,39.5391,-86.1308
SHP-10122,2026-09-01 18:05,30.1439,-93.2997
SHP-10122,2026-09-02 12:52,41.3839,-92.4745
SHP-10123,2026-08-30 14:45,40.5127,-92.5502
SHP-10123,2026-08-31 00:27,44.6183,-98.302
SHP-10123,2026-08-31 10:09,31.4337,-97.3297
SHP-10123,2026-08-31 19:51,42.2994,-98.5034
SHP-10123,2026-09-01 05:33,38.5173,-91.3003
SHP-10123,2026-09-01 15:15,44.4633,-95.2646
SHP-10124,2026-08-30 18:32,32.4656,-90.6789
SHP-10124,2026-08-31 06:04,36.0977,-89.2815
SHP-10124,2026-08-31 17:37,44.4695,-95.8473
SHP-10124,2026-09-01 05:10,34.6246,-94.6998
SHP-10124,2026-09-01 16:42,31.7987,-96.8477
SHP-10124,2026-09-02 04:15,40.2908,-83.4723
SHP-10125,2026-08-28 17:02,36.0659,-90.956
SHP-10125,2026-08-29 16:23,41.2212,-95.0029
SHP-10125,2026-08-30 15:45,36.9306,-83.9221
SHP-10125,2026-08-31 15:07,32.0969,-99.7609
SHP-10125,2026-09-01 14:29,42.4556,-80.3487
SHP-10125,2026-09-02 13:51,31.9607,-83.5265
SHP-10126,2026-08-30 05:43,36.6515,-97.4242
SHP-10126,2026-08-30 21:30,43.5762,-83.4129
SHP-10126,2026-08-31 13:17,34.9732,-99.1461
SHP-10126,2026-09-01 05:04,36.9149,-96.6402
SHP-10126,2026-09-01 20:51,38.6083,-83.5663
SHP-10126,2026-09-02 12:38,35.925,-99.4104
SHP-10127,2026-08-31 11:08,37.4834,-82.3444
SHP-10127,2026-08-31 21:06,37.1855,-98.2456
SHP-10127,2026-09-01 07:04,35.7452,-91.6153
SHP-10127,2026-09-01 17:02,39.6398,-84.056
SHP-10127,2026-09-02 03:01,33.7372,-80.1183
SHP-10127,2026-09-02 12:59,38.1549,-99.6094
SHP-10128,2026-08-31 04:58,33.2853,-82.0847
SHP-10128,2026-08-31 16:16,41.6781,-98.8282
SHP-10128,2026-09-01 03:33,44.873,-89.4114
SHP-10128,2026-09-01 14:51,41.5026,-80.0079
SHP-10128,2026-09-02 02:09,44.6097,-97.9973
SHP-10128,2026-09-02 13:27,39.853,-94.6695
SHP-10129,2026-08-31 03:56,40.4644,-81.7204
SHP-10129,2026-08-31 14:42,30.4231,-85.9888
SHP-10129,2026-09-01 01:28,44.2134,-88.7279
SHP-10129,2026-09-01 12:14,38.4466,-96.2353
SHP-10129,2026-09-01 23:00,44.8201,-82.3675
SHP-10129,2026-09-02 09:46,37.3834,-93.8189
SHP-10130,2026-08-30 16:06,32.6619,-83.9515
SHP-10130,2026-08-31 01:47,43.0233,-98.8089
SHP-10130,2026-08-31 11:28,32.2157,-85.9061
SHP-10130,2026-08-31 21:08,32.1248,-97.7816
SHP-10130,2026-09-01 06:49,37.8944,-92.7022
SHP-10130,2026-09-01 16:30,31.088,-85.9092
SHP-10131,2026-08-28 16:19,40.6077,-88.7605
SHP-10131,2026-08-29 15:35,43.344,-87.7258
SHP-10131,2026-08-30 14:52,35.3524,-86.6894
SHP-10131,2026-08-31 14:09,42.2168,-92.4323
SHP-10131,2026-09-01 13:25,41.0099,-94.1097
SHP-10131,2026-09-02 12:42,32.6656,-99.964
SHP-10132,2026-08-28 21:34,41.1801,-95.2401
SHP-10132,2026-08-29 20:00,44.7357,-96.6423
SHP-10132,2026-08-30 18:25,43.2798,-98.2255
SHP-10132,2026-08-31 16:51,40.6345,-87.2179
SHP-10132,2026-09-01 15:16,43.2998,-91.0674
SHP-10132,2026-09-02 13:42,33.9782,-95.0092
SHP-10133,2026-08-29 15:40,31.5214,-90.4102
SHP-10133,2026-08-30 09:54,42.9608,-86.9806
SHP-10133,2026-08-31 04:07,40.3074,-96.7469
SHP-10133,2026-08-31 22:21,31.1056,-83.0848
SHP-10133,2026-09-01 16:35,34.4236,-93.6257
SHP-10133,2026-09-02 10:48,44.2749,-98.516
SHP-10134,2026-08-28 16:06,39.1098,-91.316
SHP-10134,2026-08-29 12:42,30.8033,-93.3781
SHP-10134,2026-08-30 09:18,44.616,-91.8144
SHP-10134,2026-08-31 05:54,38.3117,-81.4885
SHP-10134,2026-09-01 02:30,38.1019,-86.788
SHP-10134,2026-09-01 23:05,34.461,-98.0817
SHP-10135,2026-09-01 05:35,33.1043,-87.2362
SHP-10135,2026-09-01 08:50,44.6559,-90.5286
SHP-10135,2026-09-01 12:05,31.7326,-84.3025
SHP-10135,2026-09-01 15:21,37.0642,-82.1025
SHP-10135,2026-09-01 18:36,33.9751,-87.1627
SHP-10135,2026-09-01 21:51,35.8129,-92.5796
SHP-10136,2026-08-30 17:21,31.2856,-93.1242
SHP-10136,2026-08-31 06:52,38.1217,-80.5859
SHP-10136,2026-08-31 20:23,38.8459,-88.928
SHP-10136,2026-09-01 09:55,42.612,-83.6319
SHP-10136,2026-09-01 23:26,36.2795,-89.2897
SHP-10136,2026-09-02 12:57,43.0034,-90.5035
SHP-10137,2026-09-01 10:39,44.2388,-91.0192
SHP-10137,2026-09-01 15:57,44.2359,-96.6567
SHP-10137,2026-09-01 21:15,33.1784,-96.1455
SHP-10137,2026-09-02 02:32,30.6401,-98.4326
SHP-10137,2026-09-02 07:50,40.2469,-95.9616
SHP-10137,2026-09-02 13:07,42.3385,-97.0424
SHP-10138,2026-09-01 07:34,43.7574,-99.7527
SHP-10138,2026-09-01 13:29,40.5062,-88.2485
SHP-10138,2026-09-01 19:24,41.7253,-97.7496
SHP-10138,2026-09-02 01:19,32.2446,-88.6681
SHP-10138,2026-09-02 07:15,38.7402,-80.7034
SHP-10138,2026-09-02 13:10,31.5031,-97.8873
SHP-10139,2026-08-29 23:08,40.2122,-91.9656
SHP-10139,2026-08-30 16:06,35.9369,-82.4208
SHP-10139,2026-08-31 09:03,40.3577,-99.0142
SHP-10139,2026-09-01 02:01,37.1283,-94.6283
SHP-10139,2026-09-01 18:59,35.5866,-93.2427
SHP-10139,2026-09-02 11:57,41.9048,-93.781
SHP-10140,2026-09-01 01:05,39.6833,-96.2413
SHP-10140,2026-09-01 08:10,33.1709,-83.5206
SHP-10140,2026-09-01 15:14,41.1142,-84.8101
SHP-10140,2026-09-01 22:18,43.0078,-83.5797
SHP-10140,2026-09-02 05:23,37.729,-96.8206
SHP-10140,2026-09-02 12:27,34.6668,-89.8641
SHP-10141,2026-08-29 06:02,34.1097,-83.5299
SHP-10141,2026-08-30 02:36,37.5769,-87.2918
SHP-10141,2026-08-30 23:11,31.8581,-99.3887
SHP-10141,2026-08-31 19:45,35.587,-88.1191
SHP-10141,2026-09-01 16:20,32.6638,-82.5904
SHP-10141,2026-09-02 12:54,38.8032,-93.0048
SHP-10142,2026-09-01 09:14,33.101,-86.9683
SHP-10142,2026-09-01 14:33,37.6992,-82.7074
SHP-10142,2026-09-01 19:53,44.5071,-86.356
SHP-10142,2026-09-02 01:13,37.1115,-97.3537
SHP-10142,2026-09-02 06:32,32.598,-83.9827
SHP-10142,2026-09-02 11:52,33.3566,-87.8331
SHP-10143,2026-08-31 01:51,39.3541,-88.3103
SHP-10143,2026-08-31 13:43,30.1102,-80.0114
SHP-10143,2026-09-01 01:35,44.4973,-83.2124
SHP-10143,2026-09-01 13:26,38.4219,-88.1245
SHP-10143,2026-09-02 01:18,34.2402,-86.3117
SHP-10143,2026-09-02 13:10,37.2261,-93.2743
SHP-10144,2026-08-29 23:27,42.1504,-91.918
SHP-10144,2026-08-30 16:14,34.7938,-97.2014
SHP-10144,2026-08-31 09:01,30.3818,-90.0525
SHP-10144,2026-09-01 01:47,34.4341,-81.8618
SHP-10144,2026-09-01 18:34,36.069,-85.2654
SHP-10144,2026-09-02 11:21,38.7454,-80.1049
SHP-10145,2026-08-30 00:43,34.4068,-90.5844
SHP-10145,2026-08-30 15:38,41.1138,-85.4963
SHP-10145,2026-08-31 06:32,38.3855,-81.7475
SHP-10145,2026-08-31 21:27,44.2039,-82.0082
SHP-10145,2026-09-01 12:22,39.8165,-95.5549
SHP-10145,2026-09-02 03:16,33.3499,-82.5714
SHP-10146,2026-09-01 02:41,37.0833,-96.1091
SHP-10146,2026-09-01 04:13,31.7972,-86.386
SHP-10146,2026-09-01 05:45,37.9476,-91.7379
SHP-10146,2026-09-01 07:17,43.0627,-96.9844
SHP-10146,2026-09-01 08:48,44.8852,-93.1466
SHP-10146,2026-09-01 10:20,44.8079,-82.1431
SHP-10147,2026-09-01 06:14,41.4179,-96.6279
SHP-10147,2026-09-01 09:32,41.4673,-90.2085
SHP-10147,2026-09-01 12:51,41.4535,-98.2392
SHP-10147,2026-09-01 16:09,39.2172,-87.3302
SHP-10147,2026-09-01 19:27,36.0509,-80.6934
SHP-10147,2026-09-01 22:46,35.7497,-99.2455
SHP-10148,2026-09-01 12:16,31.5406,-89.9333
SHP-10148,2026-09-01 16:54,34.5917,-98.6943
SHP-10148,2026-09-01 21:32,30.6858,-81.0307
SHP-10148,2026-09-02 02:10,36.8389,-89.5942
SHP-10148,2026-09-02 06:48,37.8618,-91.3267
SHP-10148,2026-09-02 11:26,40.3017,-97.3242
SHP-10149,2026-08-29 08:02,38.8454,-96.6203
SHP-10149,2026-08-30 04:12,35.4989,-86.9892
SHP-10149,2026-08-31 00:22,30.5605,-82.4691
SHP-10149,2026-08-31 20:32,33.8368,-89.3053
SHP-10149,2026-09-01 16:42,30.7288,-80.1064
SHP-10149,2026-09-02 12:52,39.9295,-86.9286
